,Resp,G1,G2,B1,B2
1,1.00,3.00,4.00,4.00,3.00
2,1.00,2.00,2.00,3.00,3.00
3,1.00,3.00,5.00,4.00,2.00
4,0.00,1.00,1.00,1.00,4.00
5,0.00,2.00,3.00,1.00,2.00
6,1.00,1.00,1.00,3.00,3.00
7,0.00,1.00,4.00,3.00,4.00
8,1.00,1.00,5.00,5.00,2.00
9,1.00,2.00,2.00,3.00,3.00
10,1.00,2.00,3.00,3.00,2.00
11,0.00,2.00,5.00,4.00,4.00
12,0.00,4.00,5.00,1.00,3.00
13,0.00,4.00,4.00,4.00,5.00
14,0.00,3.00,4.00,2.00,4.00
15,0.00,1.00,5.00,1.00,2.00
16,0.00,2.00,3.00,4.00,5.00
17,0.00,3.00,4.00,3.00,5.00
18,0.00,2.00,2.00,2.00,2.00
19,1.00,4.00,5.00,3.00,1.00
20,0.00,3.00,4.00,2.00,3.00
21,1.00,2.00,4.00,3.00,1.00
22,0.00,1.00,4.00,2.00,3.00
23,1.00,1.00,2.00,3.00,2.00
24,0.00,2.00,2.00,1.00,5.00
25,1.00,3.00,3.00,5.00,5.00
26,1.00,1.00,2.00,2.00,1.00
27,1.00,2.00,5.00,3.00,1.00
28,1.00,1.00,3.00,4.00,1.00
29,1.00,2.00,3.00,4.00,3.00
30,0.00,1.00,5.00,2.00,2.00
31,1.00,2.00,5.00,2.00,1.00
32,1.00,1.00,2.00,4.00,3.00
33,0.00,1.00,1.00,2.00,4.00
34,0.00,3.00,4.00,4.00,5.00
35,1.00,4.00,5.00,3.00,3.00
36,1.00,1.00,4.00,3.00,1.00
37,0.00,2.00,3.00,3.00,4.00
38,1.00,2.00,3.00,4.00,2.00
39,0.00,2.00,5.00,3.00,3.00
40,0.00,1.00,3.00,1.00,1.00
41,0.00,1.00,5.00,3.00,5.00
42,0.00,1.00,1.00,2.00,4.00
43,0.00,2.00,3.00,1.00,4.00
44,0.00,1.00,4.00,1.00,3.00
45,0.00,1.00,4.00,2.00,2.00
46,0.00,3.00,5.00,3.00,4.00
47,1.00,2.00,4.00,5.00,4.00
48,0.00,5.00,5.00,1.00,3.00
49,0.00,2.00,4.00,2.00,3.00
50,1.00,3.00,4.00,5.00,3.00
51,0.00,4.00,5.00,2.00,3.00
52,1.00,1.00,3.00,5.00,2.00
53,0.00,3.00,4.00,2.00,5.00
54,0.00,3.00,5.00,2.00,5.00
55,0.00,4.00,5.00,4.00,4.00
56,0.00,2.00,2.00,2.00,4.00
57,0.00,3.00,5.00,5.00,5.00
58,1.00,1.00,4.00,3.00,2.00
59,0.00,1.00,4.00,4.00,4.00
60,0.00,3.00,4.00,2.00,4.00
61,1.00,3.00,5.00,3.00,1.00
62,0.00,5.00,5.00,3.00,3.00
63,0.00,1.00,5.00,4.00,5.00
64,0.00,1.00,1.00,2.00,4.00
65,0.00,2.00,4.00,4.00,5.00
66,0.00,3.00,5.00,2.00,5.00
67,0.00,1.00,5.00,4.00,4.00
68,0.00,2.00,2.00,2.00,4.00
69,0.00,1.00,2.00,1.00,1.00
70,0.00,2.00,4.00,1.00,4.00
71,0.00,4.00,4.00,3.00,4.00
72,0.00,5.00,5.00,1.00,1.00
73,1.00,3.00,4.00,2.00,2.00
74,0.00,1.00,5.00,2.00,5.00
75,0.00,4.00,5.00,1.00,5.00
76,1.00,2.00,3.00,4.00,2.00
77,0.00,3.00,5.00,2.00,4.00
78,0.00,1.00,4.00,2.00,4.00
79,0.00,1.00,3.00,5.00,5.00
80,0.00,1.00,3.00,3.00,5.00
81,0.00,3.00,3.00,1.00,5.00
82,1.00,1.00,5.00,4.00,2.00
83,1.00,3.00,5.00,4.00,2.00
84,1.00,4.00,5.00,3.00,1.00
85,0.00,2.00,4.00,1.00,2.00
86,0.00,1.00,3.00,1.00,4.00
87,0.00,1.00,1.00,2.00,3.00
88,0.00,3.00,3.00,2.00,4.00
89,0.00,3.00,4.00,1.00,4.00
90,0.00,2.00,5.00,2.00,2.00
91,1.00,4.00,5.00,5.00,1.00
92,0.00,1.00,1.00,4.00,5.00
93,1.00,2.00,5.00,5.00,2.00
94,1.00,3.00,5.00,3.00,1.00
95,1.00,1.00,3.00,2.00,2.00
96,0.00,3.00,3.00,2.00,2.00
97,0.00,1.00,3.00,3.00,3.00
98,0.00,2.00,2.00,1.00,5.00
99,0.00,1.00,2.00,2.00,3.00
100,1.00,2.00,5.00,5.00,4.00
101,0.00,3.00,4.00,1.00,3.00
102,0.00,3.00,5.00,1.00,3.00
103,0.00,3.00,5.00,2.00,4.00
104,0.00,5.00,5.00,2.00,3.00
105,1.00,1.00,5.00,5.00,1.00
106,0.00,2.00,5.00,2.00,2.00
107,0.00,4.00,5.00,3.00,4.00
108,0.00,2.00,5.00,3.00,4.00
109,0.00,3.00,4.00,4.00,4.00
110,0.00,5.00,5.00,1.00,3.00
111,0.00,1.00,3.00,1.00,4.00
112,1.00,1.00,4.00,5.00,4.00
113,1.00,2.00,4.00,3.00,2.00
114,0.00,4.00,5.00,3.00,4.00
115,1.00,3.00,4.00,5.00,3.00
116,1.00,1.00,5.00,4.00,4.00
117,1.00,1.00,2.00,2.00,1.00
118,1.00,1.00,3.00,4.00,4.00
119,0.00,3.00,3.00,2.00,4.00
120,1.00,2.00,3.00,4.00,3.00
121,1.00,1.00,4.00,5.00,1.00
122,0.00,3.00,3.00,4.00,4.00
123,0.00,3.00,3.00,1.00,3.00
124,0.00,4.00,5.00,1.00,1.00
125,0.00,4.00,4.00,1.00,2.00
126,0.00,5.00,5.00,2.00,4.00
127,0.00,1.00,5.00,5.00,5.00
128,1.00,3.00,4.00,5.00,3.00
129,1.00,2.00,4.00,5.00,3.00
130,0.00,1.00,3.00,1.00,2.00
131,0.00,5.00,5.00,3.00,5.00
132,0.00,1.00,2.00,2.00,5.00
133,0.00,4.00,4.00,3.00,5.00
134,1.00,1.00,5.00,3.00,1.00
135,1.00,1.00,2.00,5.00,2.00
136,1.00,1.00,3.00,4.00,3.00
137,1.00,2.00,5.00,2.00,1.00
138,1.00,1.00,1.00,5.00,5.00
139,0.00,2.00,4.00,2.00,4.00
140,1.00,3.00,5.00,4.00,2.00
141,1.00,2.00,4.00,1.00,5.00
142,0.00,1.00,1.00,1.00,2.00
143,0.00,3.00,3.00,3.00,5.00
144,0.00,2.00,2.00,3.00,5.00
145,0.00,1.00,4.00,4.00,5.00
146,1.00,3.00,4.00,3.00,2.00
147,0.00,2.00,4.00,4.00,5.00
148,0.00,3.00,3.00,2.00,3.00
149,1.00,1.00,5.00,5.00,4.00
150,0.00,4.00,4.00,1.00,2.00
151,1.00,4.00,5.00,2.00,1.00
152,0.00,2.00,2.00,2.00,4.00
153,1.00,1.00,3.00,4.00,2.00
154,1.00,1.00,5.00,4.00,1.00
155,0.00,2.00,4.00,1.00,5.00
156,0.00,1.00,1.00,1.00,5.00
157,0.00,2.00,5.00,3.00,4.00
158,1.00,2.00,3.00,4.00,2.00
159,0.00,1.00,5.00,1.00,1.00
160,1.00,3.00,4.00,3.00,3.00
161,0.00,2.00,3.00,3.00,3.00
162,0.00,4.00,4.00,3.00,5.00
163,1.00,1.00,2.00,4.00,3.00
164,0.00,1.00,5.00,1.00,3.00
165,0.00,3.00,5.00,1.00,2.00
166,1.00,1.00,3.00,3.00,1.00
167,0.00,1.00,2.00,5.00,5.00
168,0.00,3.00,4.00,1.00,2.00
169,0.00,1.00,4.00,2.00,4.00
170,0.00,2.00,2.00,4.00,4.00
171,0.00,3.00,5.00,2.00,4.00
172,0.00,1.00,5.00,2.00,3.00
173,0.00,4.00,4.00,3.00,3.00
174,0.00,3.00,5.00,4.00,5.00
175,0.00,1.00,3.00,2.00,5.00
176,0.00,1.00,5.00,1.00,3.00
177,1.00,2.00,5.00,5.00,1.00
178,0.00,1.00,5.00,2.00,4.00
179,0.00,4.00,4.00,4.00,4.00
180,1.00,3.00,5.00,3.00,1.00
181,1.00,2.00,5.00,3.00,2.00
182,0.00,5.00,5.00,5.00,5.00
183,1.00,4.00,4.00,1.00,3.00
184,0.00,3.00,4.00,3.00,3.00
185,1.00,2.00,5.00,5.00,2.00
186,0.00,3.00,4.00,3.00,4.00
187,1.00,1.00,3.00,4.00,1.00
188,1.00,3.00,5.00,4.00,1.00
189,0.00,3.00,5.00,1.00,3.00
190,0.00,2.00,2.00,3.00,5.00
191,1.00,1.00,3.00,5.00,1.00
192,0.00,2.00,2.00,3.00,5.00
193,1.00,3.00,4.00,5.00,4.00
194,1.00,2.00,4.00,5.00,4.00
195,0.00,2.00,2.00,1.00,3.00
196,0.00,2.00,4.00,5.00,5.00
197,0.00,2.00,5.00,3.00,4.00
198,1.00,2.00,5.00,5.00,4.00
199,1.00,4.00,5.00,4.00,1.00
200,1.00,4.00,5.00,2.00,5.00
201,0.00,4.00,5.00,1.00,4.00
202,0.00,1.00,2.00,3.00,4.00
203,0.00,2.00,2.00,4.00,5.00
204,0.00,3.00,3.00,3.00,3.00
205,0.00,1.00,3.00,2.00,3.00
206,1.00,3.00,5.00,3.00,2.00
207,0.00,2.00,3.00,1.00,4.00
208,0.00,3.00,3.00,1.00,1.00
209,0.00,2.00,4.00,1.00,1.00
210,1.00,1.00,3.00,5.00,1.00
211,1.00,1.00,5.00,2.00,2.00
212,0.00,2.00,4.00,5.00,5.00
213,0.00,5.00,5.00,3.00,5.00
214,0.00,2.00,5.00,3.00,3.00
215,1.00,2.00,3.00,5.00,5.00
216,1.00,3.00,3.00,2.00,2.00
217,1.00,2.00,2.00,2.00,2.00
218,1.00,2.00,2.00,1.00,1.00
219,1.00,2.00,3.00,5.00,4.00
220,1.00,3.00,5.00,3.00,2.00
221,1.00,4.00,5.00,1.00,1.00
222,0.00,1.00,4.00,4.00,5.00
223,0.00,4.00,4.00,1.00,2.00
224,1.00,5.00,5.00,2.00,2.00
225,1.00,4.00,5.00,5.00,4.00
226,0.00,5.00,5.00,3.00,5.00
227,0.00,2.00,3.00,1.00,5.00
228,1.00,1.00,4.00,2.00,2.00
229,1.00,5.00,5.00,3.00,3.00
230,1.00,4.00,5.00,2.00,1.00
231,0.00,2.00,4.00,4.00,5.00
232,0.00,1.00,4.00,2.00,5.00
233,0.00,2.00,3.00,3.00,3.00
234,0.00,1.00,3.00,3.00,5.00
235,0.00,3.00,5.00,1.00,3.00
236,1.00,1.00,2.00,1.00,1.00
237,1.00,4.00,4.00,3.00,3.00
238,1.00,3.00,5.00,4.00,3.00
239,1.00,2.00,5.00,4.00,1.00
240,1.00,1.00,4.00,5.00,2.00
241,0.00,2.00,2.00,2.00,5.00
242,0.00,1.00,1.00,4.00,5.00
243,0.00,2.00,4.00,1.00,2.00
244,1.00,1.00,5.00,5.00,4.00
245,0.00,2.00,4.00,5.00,4.00
246,1.00,2.00,3.00,2.00,2.00
247,0.00,1.00,3.00,5.00,4.00
248,0.00,2.00,5.00,5.00,5.00
249,1.00,4.00,5.00,3.00,2.00
250,1.00,2.00,5.00,3.00,1.00
251,1.00,2.00,3.00,3.00,1.00
252,0.00,1.00,1.00,1.00,4.00
253,1.00,1.00,2.00,2.00,2.00
254,0.00,4.00,4.00,4.00,5.00
255,0.00,2.00,2.00,1.00,2.00
256,0.00,3.00,5.00,1.00,1.00
257,0.00,2.00,4.00,3.00,5.00
258,0.00,3.00,5.00,4.00,4.00
259,0.00,1.00,4.00,1.00,1.00
260,1.00,1.00,3.00,4.00,2.00
261,1.00,1.00,2.00,3.00,2.00
262,1.00,2.00,3.00,4.00,4.00
263,1.00,4.00,5.00,3.00,2.00
264,0.00,5.00,5.00,4.00,4.00
265,0.00,1.00,4.00,1.00,4.00
266,0.00,1.00,1.00,3.00,4.00
267,0.00,2.00,4.00,1.00,5.00
268,0.00,4.00,5.00,1.00,1.00
269,1.00,2.00,5.00,2.00,1.00
270,0.00,2.00,3.00,2.00,3.00
271,0.00,2.00,5.00,3.00,5.00
272,1.00,4.00,5.00,2.00,1.00
273,0.00,2.00,2.00,2.00,2.00
274,0.00,4.00,5.00,2.00,3.00
275,0.00,1.00,3.00,2.00,3.00
276,0.00,1.00,4.00,3.00,3.00
277,0.00,4.00,4.00,2.00,5.00
278,1.00,1.00,5.00,4.00,1.00
279,1.00,2.00,4.00,2.00,1.00
280,0.00,1.00,1.00,3.00,5.00
281,1.00,1.00,5.00,3.00,2.00
282,0.00,3.00,3.00,4.00,4.00
283,0.00,2.00,4.00,2.00,4.00
284,0.00,1.00,3.00,4.00,5.00
285,0.00,1.00,5.00,4.00,4.00
286,1.00,1.00,2.00,3.00,2.00
287,0.00,1.00,5.00,5.00,5.00
288,1.00,4.00,5.00,3.00,1.00
289,0.00,1.00,5.00,2.00,4.00
290,1.00,1.00,2.00,3.00,1.00
291,0.00,2.00,2.00,1.00,1.00
292,1.00,1.00,2.00,3.00,3.00
293,1.00,3.00,5.00,2.00,1.00
294,0.00,3.00,5.00,1.00,4.00
295,0.00,2.00,5.00,1.00,3.00
296,0.00,2.00,5.00,3.00,3.00
297,0.00,1.00,5.00,1.00,5.00
298,1.00,4.00,5.00,5.00,4.00
299,0.00,2.00,5.00,4.00,5.00
300,1.00,2.00,3.00,3.00,2.00
301,1.00,2.00,5.00,5.00,3.00
302,1.00,4.00,5.00,5.00,3.00
303,0.00,1.00,2.00,4.00,5.00
304,0.00,1.00,3.00,1.00,2.00
305,0.00,2.00,4.00,4.00,4.00
306,0.00,1.00,4.00,1.00,2.00
307,0.00,1.00,4.00,1.00,1.00
308,0.00,4.00,4.00,4.00,5.00
309,1.00,3.00,3.00,3.00,3.00
310,1.00,1.00,5.00,4.00,2.00
311,1.00,4.00,4.00,1.00,1.00
312,1.00,3.00,5.00,5.00,1.00
313,0.00,1.00,1.00,1.00,4.00
314,0.00,5.00,5.00,1.00,3.00
315,0.00,2.00,3.00,1.00,5.00
316,1.00,4.00,4.00,4.00,4.00
317,1.00,3.00,4.00,4.00,3.00
318,0.00,2.00,3.00,1.00,1.00
319,0.00,2.00,4.00,1.00,1.00
320,0.00,1.00,3.00,3.00,5.00
321,0.00,2.00,5.00,4.00,4.00
322,0.00,1.00,4.00,2.00,4.00
323,1.00,2.00,3.00,4.00,1.00
324,1.00,2.00,4.00,4.00,3.00
325,1.00,4.00,4.00,5.00,5.00
326,0.00,4.00,4.00,1.00,1.00
327,0.00,2.00,5.00,5.00,5.00
328,1.00,3.00,5.00,5.00,3.00
329,0.00,5.00,5.00,2.00,2.00
330,1.00,1.00,5.00,5.00,2.00
331,1.00,2.00,3.00,5.00,5.00
332,0.00,5.00,5.00,1.00,4.00
333,1.00,2.00,2.00,3.00,4.00
334,0.00,3.00,3.00,2.00,5.00
335,0.00,5.00,5.00,1.00,5.00
336,0.00,1.00,5.00,2.00,4.00
337,0.00,2.00,5.00,4.00,5.00
338,0.00,4.00,4.00,1.00,4.00
339,1.00,1.00,3.00,5.00,2.00
340,1.00,2.00,3.00,4.00,1.00
341,0.00,2.00,3.00,2.00,2.00
342,1.00,3.00,4.00,4.00,2.00
343,1.00,1.00,3.00,2.00,1.00
344,1.00,2.00,5.00,5.00,3.00
345,0.00,3.00,5.00,4.00,4.00
346,1.00,2.00,3.00,5.00,4.00
347,1.00,1.00,1.00,5.00,5.00
348,1.00,1.00,2.00,4.00,1.00
349,0.00,5.00,5.00,3.00,4.00
350,0.00,1.00,2.00,2.00,2.00
351,0.00,1.00,4.00,3.00,5.00
352,1.00,3.00,4.00,4.00,2.00
353,0.00,2.00,5.00,1.00,1.00
354,0.00,1.00,5.00,4.00,5.00
355,1.00,1.00,3.00,5.00,2.00
356,0.00,1.00,1.00,2.00,5.00
357,0.00,2.00,2.00,2.00,3.00
358,0.00,3.00,3.00,1.00,2.00
359,0.00,3.00,5.00,1.00,5.00
360,0.00,2.00,2.00,2.00,3.00
361,1.00,4.00,5.00,4.00,3.00
362,1.00,2.00,4.00,5.00,1.00
363,1.00,2.00,3.00,3.00,1.00
364,1.00,2.00,5.00,4.00,1.00
365,1.00,2.00,5.00,3.00,2.00
366,0.00,2.00,3.00,4.00,4.00
367,0.00,3.00,5.00,2.00,3.00
368,0.00,2.00,4.00,2.00,3.00
369,0.00,4.00,4.00,2.00,4.00
370,0.00,2.00,5.00,4.00,4.00
371,1.00,1.00,2.00,5.00,1.00
372,0.00,1.00,1.00,3.00,4.00
373,0.00,2.00,3.00,2.00,5.00
374,0.00,4.00,5.00,4.00,5.00
375,1.00,1.00,4.00,4.00,4.00
376,1.00,1.00,4.00,5.00,1.00
377,1.00,1.00,4.00,2.00,1.00
378,0.00,1.00,5.00,2.00,2.00
379,0.00,3.00,4.00,3.00,4.00
380,0.00,1.00,2.00,3.00,5.00
381,0.00,3.00,5.00,3.00,4.00
382,1.00,3.00,4.00,5.00,2.00
383,0.00,2.00,5.00,1.00,2.00
384,0.00,3.00,5.00,4.00,5.00
385,1.00,1.00,2.00,5.00,1.00
386,1.00,1.00,2.00,4.00,2.00
387,0.00,2.00,5.00,2.00,2.00
388,0.00,1.00,4.00,2.00,5.00
389,1.00,1.00,2.00,3.00,3.00
390,0.00,5.00,5.00,1.00,4.00
391,1.00,5.00,5.00,1.00,1.00
392,0.00,1.00,2.00,5.00,5.00
393,0.00,5.00,5.00,1.00,2.00
394,0.00,3.00,3.00,1.00,3.00
395,0.00,2.00,4.00,2.00,4.00
396,1.00,2.00,2.00,5.00,5.00
397,0.00,1.00,4.00,1.00,4.00
398,0.00,1.00,2.00,1.00,3.00
399,0.00,2.00,4.00,3.00,5.00
400,0.00,3.00,5.00,1.00,1.00
401,0.00,2.00,4.00,1.00,1.00
402,1.00,1.00,4.00,5.00,4.00
403,0.00,2.00,4.00,3.00,5.00
404,1.00,2.00,3.00,3.00,2.00
405,0.00,2.00,4.00,5.00,5.00
406,1.00,1.00,3.00,4.00,3.00
407,0.00,3.00,4.00,1.00,4.00
408,1.00,1.00,3.00,3.00,2.00
409,0.00,5.00,5.00,4.00,5.00
410,1.00,2.00,5.00,3.00,2.00
411,0.00,3.00,4.00,3.00,5.00
412,0.00,1.00,5.00,1.00,5.00
413,0.00,2.00,3.00,1.00,4.00
414,1.00,2.00,4.00,5.00,3.00
415,1.00,3.00,4.00,4.00,2.00
416,0.00,3.00,4.00,4.00,5.00
417,0.00,3.00,4.00,1.00,1.00
418,0.00,2.00,3.00,5.00,5.00
419,1.00,2.00,3.00,5.00,4.00
420,0.00,2.00,5.00,1.00,4.00
421,1.00,3.00,4.00,5.00,2.00
422,0.00,5.00,5.00,4.00,5.00
423,0.00,1.00,4.00,1.00,4.00
424,0.00,2.00,3.00,3.00,3.00
425,1.00,4.00,5.00,4.00,5.00
426,0.00,4.00,5.00,1.00,4.00
427,1.00,2.00,5.00,5.00,3.00
428,1.00,3.00,5.00,5.00,1.00
429,1.00,3.00,3.00,3.00,3.00
430,0.00,3.00,3.00,1.00,2.00
431,0.00,2.00,3.00,1.00,5.00
432,1.00,4.00,5.00,3.00,2.00
433,1.00,4.00,5.00,4.00,2.00
434,0.00,5.00,5.00,4.00,4.00
435,1.00,1.00,5.00,5.00,2.00
436,0.00,1.00,1.00,3.00,4.00
437,0.00,4.00,4.00,3.00,5.00
438,0.00,3.00,5.00,1.00,1.00
439,0.00,3.00,3.00,2.00,3.00
440,0.00,1.00,5.00,3.00,3.00
441,1.00,3.00,4.00,4.00,3.00
442,1.00,1.00,5.00,2.00,1.00
443,1.00,1.00,4.00,3.00,1.00
444,0.00,2.00,2.00,2.00,3.00
445,0.00,3.00,3.00,3.00,4.00
446,0.00,3.00,3.00,1.00,3.00
447,1.00,1.00,4.00,2.00,1.00
448,1.00,4.00,5.00,3.00,3.00
449,0.00,1.00,5.00,5.00,4.00
450,0.00,4.00,5.00,1.00,3.00
451,0.00,3.00,3.00,2.00,4.00
452,1.00,2.00,4.00,2.00,1.00
453,0.00,5.00,5.00,3.00,3.00
454,1.00,1.00,5.00,3.00,1.00
455,1.00,3.00,4.00,5.00,5.00
456,0.00,3.00,3.00,5.00,5.00
457,1.00,2.00,5.00,3.00,1.00
458,0.00,4.00,4.00,2.00,4.00
459,0.00,5.00,5.00,2.00,3.00
460,0.00,1.00,2.00,3.00,4.00
461,0.00,2.00,5.00,4.00,5.00
462,0.00,2.00,5.00,1.00,2.00
463,1.00,3.00,4.00,5.00,4.00
464,0.00,4.00,5.00,4.00,4.00
465,1.00,1.00,4.00,3.00,2.00
466,0.00,3.00,4.00,2.00,3.00
467,1.00,4.00,5.00,4.00,2.00
468,0.00,3.00,3.00,1.00,2.00
469,1.00,1.00,3.00,3.00,2.00
470,0.00,1.00,4.00,2.00,3.00
471,1.00,1.00,5.00,3.00,2.00
472,1.00,4.00,5.00,4.00,1.00
473,0.00,1.00,5.00,3.00,5.00
474,0.00,2.00,3.00,3.00,5.00
475,0.00,1.00,5.00,4.00,5.00
476,0.00,2.00,4.00,2.00,5.00
477,1.00,2.00,5.00,5.00,4.00
478,0.00,1.00,4.00,3.00,5.00
479,1.00,2.00,4.00,4.00,1.00
480,1.00,4.00,5.00,5.00,4.00
481,1.00,1.00,2.00,4.00,2.00
482,0.00,2.00,3.00,3.00,5.00
483,0.00,3.00,5.00,3.00,3.00
484,1.00,3.00,4.00,4.00,1.00
485,0.00,1.00,4.00,3.00,5.00
486,1.00,3.00,5.00,5.00,3.00
487,0.00,1.00,1.00,2.00,3.00
488,0.00,1.00,1.00,3.00,5.00
489,0.00,2.00,3.00,1.00,2.00
490,0.00,4.00,4.00,5.00,5.00
491,0.00,3.00,4.00,3.00,5.00
492,1.00,3.00,5.00,4.00,1.00
493,0.00,1.00,2.00,1.00,2.00
494,1.00,1.00,4.00,2.00,2.00
495,0.00,2.00,3.00,2.00,2.00
496,1.00,2.00,5.00,5.00,2.00
497,1.00,1.00,3.00,4.00,1.00
498,0.00,1.00,2.00,2.00,5.00
499,0.00,3.00,4.00,4.00,5.00
500,0.00,3.00,4.00,2.00,5.00
501,0.00,2.00,5.00,2.00,3.00
502,1.00,1.00,2.00,4.00,3.00
503,0.00,1.00,4.00,2.00,3.00
504,1.00,3.00,5.00,4.00,3.00
505,1.00,1.00,1.00,3.00,3.00
506,1.00,3.00,5.00,5.00,2.00
507,1.00,2.00,3.00,5.00,2.00
508,0.00,3.00,3.00,4.00,4.00
509,0.00,4.00,5.00,4.00,5.00
510,0.00,1.00,3.00,1.00,4.00
511,0.00,2.00,2.00,1.00,4.00
512,1.00,2.00,5.00,4.00,1.00
513,1.00,3.00,4.00,3.00,2.00
514,0.00,4.00,4.00,2.00,5.00
515,0.00,2.00,3.00,4.00,4.00
516,0.00,4.00,4.00,2.00,3.00
517,1.00,1.00,3.00,5.00,1.00
518,1.00,1.00,5.00,3.00,1.00
519,0.00,3.00,4.00,4.00,4.00
520,0.00,1.00,3.00,2.00,5.00
521,1.00,1.00,5.00,4.00,2.00
522,0.00,1.00,4.00,1.00,2.00
523,0.00,4.00,5.00,3.00,4.00
524,0.00,2.00,3.00,2.00,5.00
525,0.00,3.00,5.00,2.00,5.00
526,0.00,4.00,5.00,3.00,3.00
527,0.00,1.00,1.00,2.00,5.00
528,1.00,1.00,5.00,4.00,3.00
529,1.00,5.00,5.00,5.00,5.00
530,0.00,1.00,4.00,5.00,5.00
531,0.00,1.00,1.00,2.00,5.00
532,1.00,1.00,4.00,5.00,3.00
533,0.00,1.00,3.00,3.00,3.00
534,0.00,1.00,3.00,2.00,5.00
535,1.00,1.00,5.00,5.00,3.00
536,0.00,1.00,4.00,1.00,3.00
537,0.00,2.00,5.00,5.00,5.00
538,1.00,1.00,4.00,5.00,1.00
539,0.00,2.00,4.00,2.00,3.00
540,0.00,2.00,2.00,2.00,5.00
541,0.00,2.00,2.00,3.00,4.00
542,1.00,1.00,5.00,4.00,3.00
543,0.00,2.00,2.00,3.00,4.00
544,0.00,1.00,2.00,1.00,1.00
545,1.00,1.00,4.00,3.00,3.00
546,0.00,1.00,2.00,1.00,5.00
547,0.00,1.00,3.00,1.00,1.00
548,0.00,1.00,3.00,1.00,3.00
549,1.00,1.00,4.00,5.00,4.00
550,0.00,4.00,5.00,5.00,5.00
551,0.00,4.00,4.00,2.00,5.00
552,1.00,2.00,4.00,5.00,1.00
553,0.00,1.00,5.00,3.00,3.00
554,0.00,1.00,2.00,1.00,5.00
555,0.00,1.00,2.00,4.00,5.00
556,1.00,2.00,4.00,5.00,1.00
557,1.00,2.00,4.00,3.00,1.00
558,0.00,3.00,5.00,1.00,4.00
559,1.00,4.00,5.00,4.00,2.00
560,1.00,4.00,5.00,5.00,5.00
561,1.00,2.00,4.00,5.00,2.00
562,0.00,1.00,2.00,4.00,4.00
563,1.00,2.00,3.00,4.00,3.00
564,1.00,4.00,5.00,4.00,4.00
565,0.00,1.00,2.00,2.00,5.00
566,0.00,2.00,5.00,2.00,4.00
567,1.00,2.00,3.00,2.00,1.00
568,0.00,2.00,3.00,3.00,5.00
569,0.00,1.00,3.00,1.00,1.00
570,0.00,5.00,5.00,5.00,5.00
571,0.00,1.00,3.00,2.00,2.00
572,1.00,4.00,4.00,2.00,2.00
573,1.00,4.00,5.00,5.00,2.00
574,1.00,4.00,5.00,5.00,3.00
575,0.00,3.00,4.00,2.00,5.00
576,0.00,4.00,4.00,1.00,4.00
577,0.00,2.00,2.00,1.00,1.00
578,0.00,3.00,3.00,3.00,5.00
579,0.00,1.00,1.00,5.00,5.00
580,0.00,1.00,3.00,1.00,2.00
581,0.00,2.00,2.00,2.00,5.00
582,0.00,1.00,4.00,2.00,5.00
583,0.00,1.00,3.00,1.00,3.00
584,1.00,2.00,4.00,5.00,3.00
585,0.00,1.00,3.00,2.00,2.00
586,0.00,3.00,5.00,4.00,4.00
587,0.00,3.00,5.00,3.00,4.00
588,0.00,1.00,1.00,2.00,3.00
589,1.00,1.00,3.00,4.00,5.00
590,0.00,1.00,5.00,1.00,5.00
591,1.00,3.00,5.00,5.00,1.00
592,1.00,3.00,3.00,2.00,2.00
593,0.00,1.00,1.00,2.00,2.00
594,0.00,1.00,5.00,5.00,5.00
595,0.00,1.00,1.00,4.00,4.00
596,0.00,2.00,5.00,2.00,4.00
597,0.00,2.00,3.00,4.00,5.00
598,0.00,3.00,5.00,3.00,5.00
599,0.00,2.00,4.00,3.00,4.00
600,1.00,3.00,3.00,5.00,5.00
601,0.00,5.00,5.00,1.00,2.00
602,0.00,3.00,4.00,2.00,4.00
603,0.00,2.00,5.00,1.00,5.00
604,0.00,5.00,5.00,2.00,2.00
605,1.00,2.00,3.00,5.00,3.00
606,1.00,1.00,2.00,4.00,2.00
607,0.00,2.00,5.00,1.00,2.00
608,1.00,1.00,3.00,4.00,4.00
609,0.00,2.00,5.00,2.00,4.00
610,1.00,1.00,2.00,5.00,3.00
611,1.00,2.00,2.00,3.00,3.00
612,0.00,5.00,5.00,3.00,4.00
613,1.00,1.00,5.00,5.00,3.00
614,1.00,1.00,1.00,4.00,4.00
615,0.00,1.00,1.00,1.00,5.00
616,0.00,2.00,4.00,1.00,2.00
617,0.00,3.00,5.00,1.00,5.00
618,0.00,4.00,5.00,2.00,3.00
619,0.00,1.00,2.00,1.00,5.00
620,1.00,1.00,4.00,4.00,3.00
621,0.00,5.00,5.00,1.00,5.00
622,0.00,4.00,4.00,1.00,4.00
623,1.00,4.00,5.00,4.00,1.00
624,0.00,4.00,5.00,5.00,5.00
625,0.00,5.00,5.00,2.00,3.00
626,1.00,1.00,2.00,5.00,5.00
627,0.00,1.00,2.00,2.00,4.00
628,0.00,5.00,5.00,1.00,1.00
629,0.00,2.00,4.00,1.00,3.00
630,0.00,2.00,2.00,1.00,3.00
631,1.00,3.00,5.00,3.00,2.00
632,0.00,3.00,4.00,1.00,3.00
633,0.00,1.00,2.00,2.00,4.00
634,0.00,3.00,4.00,1.00,4.00
635,0.00,1.00,5.00,1.00,3.00
636,1.00,1.00,3.00,5.00,3.00
637,1.00,1.00,3.00,2.00,1.00
638,0.00,1.00,3.00,2.00,4.00
639,1.00,1.00,5.00,5.00,1.00
640,1.00,2.00,3.00,2.00,1.00
641,1.00,2.00,2.00,4.00,4.00
642,1.00,2.00,4.00,4.00,2.00
643,1.00,3.00,4.00,2.00,1.00
644,1.00,3.00,4.00,5.00,1.00
645,0.00,4.00,4.00,5.00,5.00
646,1.00,2.00,5.00,4.00,3.00
647,1.00,3.00,3.00,1.00,1.00
648,0.00,1.00,4.00,1.00,2.00
649,0.00,1.00,5.00,3.00,5.00
650,0.00,1.00,2.00,2.00,2.00
651,1.00,3.00,4.00,4.00,1.00
652,0.00,2.00,5.00,1.00,5.00
653,0.00,4.00,5.00,2.00,2.00
654,1.00,1.00,4.00,5.00,2.00
655,1.00,2.00,3.00,5.00,1.00
656,1.00,2.00,4.00,4.00,1.00
657,1.00,2.00,4.00,4.00,3.00
658,1.00,3.00,4.00,5.00,4.00
659,0.00,1.00,2.00,4.00,5.00
660,0.00,1.00,5.00,2.00,3.00
661,0.00,1.00,2.00,1.00,3.00
662,0.00,1.00,3.00,3.00,3.00
663,0.00,2.00,5.00,1.00,4.00
664,1.00,2.00,4.00,2.00,1.00
665,0.00,1.00,2.00,1.00,3.00
666,0.00,3.00,5.00,2.00,2.00
667,0.00,5.00,5.00,1.00,5.00
668,0.00,3.00,5.00,3.00,5.00
669,0.00,2.00,3.00,4.00,5.00
670,0.00,1.00,3.00,3.00,4.00
671,0.00,3.00,4.00,1.00,1.00
672,0.00,3.00,4.00,2.00,3.00
673,0.00,3.00,5.00,3.00,5.00
674,0.00,3.00,4.00,5.00,2.00
675,0.00,4.00,5.00,1.00,5.00
676,0.00,5.00,5.00,3.00,4.00
677,1.00,2.00,4.00,4.00,1.00
678,1.00,1.00,5.00,3.00,2.00
679,1.00,1.00,3.00,3.00,2.00
680,1.00,1.00,3.00,4.00,2.00
681,0.00,2.00,2.00,1.00,4.00
682,1.00,1.00,4.00,2.00,1.00
683,0.00,1.00,3.00,3.00,4.00
684,1.00,1.00,1.00,3.00,3.00
685,0.00,1.00,1.00,3.00,5.00
686,0.00,3.00,5.00,4.00,5.00
687,1.00,1.00,3.00,2.00,1.00
688,0.00,1.00,4.00,1.00,5.00
689,1.00,4.00,4.00,4.00,4.00
690,1.00,2.00,5.00,5.00,1.00
691,0.00,1.00,5.00,3.00,3.00
692,0.00,2.00,5.00,1.00,4.00
693,0.00,2.00,2.00,1.00,2.00
694,0.00,3.00,4.00,5.00,5.00
695,0.00,2.00,4.00,2.00,5.00
696,0.00,2.00,4.00,3.00,3.00
697,0.00,3.00,3.00,2.00,5.00
698,0.00,2.00,3.00,1.00,1.00
699,0.00,2.00,2.00,4.00,5.00
700,0.00,1.00,2.00,1.00,4.00
701,1.00,4.00,5.00,5.00,2.00
702,1.00,3.00,5.00,5.00,2.00
703,0.00,5.00,5.00,1.00,2.00
704,0.00,2.00,4.00,1.00,4.00
705,0.00,1.00,2.00,2.00,4.00
706,1.00,1.00,1.00,1.00,1.00
707,0.00,1.00,2.00,1.00,2.00
708,0.00,2.00,4.00,1.00,3.00
709,0.00,2.00,5.00,1.00,3.00
710,0.00,2.00,3.00,2.00,5.00
711,1.00,1.00,4.00,4.00,3.00
712,0.00,1.00,2.00,4.00,4.00
713,1.00,2.00,3.00,5.00,3.00
714,0.00,3.00,4.00,4.00,4.00
715,1.00,3.00,3.00,1.00,1.00
716,0.00,5.00,5.00,4.00,4.00
717,1.00,1.00,4.00,4.00,2.00
718,0.00,3.00,3.00,4.00,5.00
719,1.00,2.00,5.00,5.00,1.00
720,0.00,2.00,2.00,4.00,5.00
721,1.00,3.00,4.00,3.00,2.00
722,0.00,4.00,5.00,1.00,3.00
723,0.00,1.00,1.00,4.00,5.00
724,1.00,2.00,3.00,5.00,1.00
725,0.00,2.00,5.00,2.00,3.00
726,0.00,1.00,5.00,2.00,3.00
727,1.00,4.00,5.00,2.00,2.00
728,0.00,3.00,5.00,1.00,4.00
729,0.00,1.00,5.00,4.00,3.00
730,1.00,4.00,5.00,5.00,1.00
731,0.00,3.00,5.00,2.00,3.00
732,0.00,4.00,5.00,1.00,5.00
733,0.00,1.00,3.00,1.00,3.00
734,1.00,1.00,2.00,4.00,1.00
735,1.00,1.00,4.00,4.00,3.00
736,0.00,1.00,1.00,1.00,1.00
737,1.00,1.00,3.00,4.00,4.00
738,0.00,4.00,4.00,3.00,3.00
739,0.00,2.00,5.00,3.00,5.00
740,0.00,4.00,5.00,2.00,4.00
741,0.00,2.00,2.00,1.00,2.00
742,0.00,3.00,4.00,3.00,3.00
743,0.00,3.00,4.00,1.00,2.00
744,0.00,3.00,5.00,2.00,2.00
745,0.00,2.00,5.00,4.00,3.00
746,0.00,1.00,2.00,2.00,3.00
747,0.00,2.00,3.00,1.00,1.00
748,1.00,1.00,2.00,2.00,1.00
749,0.00,3.00,3.00,3.00,5.00
750,0.00,3.00,5.00,1.00,2.00
751,0.00,5.00,5.00,4.00,5.00
752,0.00,2.00,4.00,1.00,4.00
753,1.00,3.00,5.00,5.00,2.00
754,0.00,1.00,5.00,1.00,1.00
755,1.00,3.00,5.00,2.00,1.00
756,1.00,2.00,3.00,5.00,2.00
757,0.00,1.00,2.00,3.00,4.00
758,0.00,3.00,3.00,3.00,4.00
759,1.00,1.00,4.00,3.00,1.00
760,1.00,1.00,2.00,5.00,1.00
761,1.00,4.00,5.00,5.00,3.00
762,1.00,3.00,5.00,4.00,3.00
763,0.00,2.00,4.00,3.00,4.00
764,1.00,1.00,2.00,5.00,2.00
765,0.00,3.00,3.00,4.00,5.00
766,0.00,3.00,3.00,2.00,5.00
767,1.00,1.00,4.00,3.00,2.00
768,0.00,2.00,3.00,2.00,4.00
769,0.00,1.00,3.00,2.00,3.00
770,0.00,2.00,2.00,1.00,3.00
771,0.00,3.00,5.00,2.00,3.00
772,1.00,1.00,5.00,2.00,1.00
773,0.00,3.00,5.00,5.00,5.00
774,0.00,1.00,4.00,4.00,4.00
775,1.00,2.00,5.00,4.00,2.00
776,0.00,3.00,4.00,3.00,4.00
777,1.00,3.00,5.00,2.00,1.00
778,0.00,3.00,3.00,2.00,3.00
779,1.00,2.00,4.00,4.00,3.00
780,1.00,4.00,5.00,5.00,1.00
781,0.00,1.00,1.00,1.00,3.00
782,0.00,3.00,3.00,3.00,4.00
783,0.00,5.00,5.00,2.00,5.00
784,1.00,2.00,2.00,4.00,4.00
785,0.00,1.00,1.00,1.00,5.00
786,0.00,1.00,4.00,4.00,5.00
787,1.00,1.00,2.00,5.00,3.00
788,0.00,3.00,5.00,3.00,3.00
789,0.00,1.00,2.00,4.00,4.00
790,0.00,1.00,5.00,1.00,2.00
791,1.00,4.00,4.00,1.00,1.00
792,0.00,2.00,3.00,3.00,4.00
793,0.00,1.00,4.00,1.00,3.00
794,1.00,4.00,4.00,2.00,2.00
795,0.00,3.00,3.00,4.00,5.00
796,0.00,4.00,4.00,1.00,5.00
797,1.00,3.00,4.00,2.00,1.00
798,0.00,4.00,5.00,3.00,5.00
799,0.00,3.00,3.00,1.00,4.00
800,1.00,1.00,4.00,4.00,1.00
801,1.00,2.00,4.00,3.00,2.00
802,0.00,3.00,4.00,1.00,2.00
803,0.00,1.00,5.00,1.00,4.00
804,1.00,2.00,4.00,3.00,3.00
805,1.00,1.00,3.00,5.00,4.00
806,0.00,2.00,5.00,1.00,5.00
807,1.00,1.00,4.00,3.00,3.00
808,0.00,1.00,2.00,1.00,4.00
809,1.00,4.00,5.00,2.00,2.00
810,1.00,1.00,2.00,3.00,1.00
811,1.00,1.00,4.00,5.00,2.00
812,1.00,1.00,4.00,4.00,1.00
813,0.00,3.00,3.00,1.00,4.00
814,0.00,2.00,3.00,1.00,2.00
815,1.00,1.00,3.00,3.00,1.00
816,0.00,3.00,5.00,1.00,5.00
817,1.00,1.00,5.00,4.00,1.00
818,0.00,2.00,5.00,1.00,3.00
819,0.00,1.00,1.00,1.00,1.00
820,0.00,1.00,3.00,2.00,4.00
821,0.00,1.00,4.00,3.00,4.00
822,1.00,2.00,3.00,5.00,3.00
823,0.00,2.00,2.00,1.00,4.00
824,0.00,4.00,4.00,1.00,3.00
825,0.00,1.00,3.00,5.00,4.00
826,0.00,1.00,5.00,1.00,1.00
827,0.00,3.00,4.00,1.00,3.00
828,0.00,4.00,5.00,2.00,4.00
829,1.00,4.00,5.00,5.00,2.00
830,1.00,1.00,5.00,5.00,3.00
831,0.00,3.00,4.00,1.00,1.00
832,0.00,4.00,5.00,1.00,4.00
833,0.00,5.00,5.00,1.00,4.00
834,0.00,2.00,3.00,1.00,3.00
835,0.00,2.00,2.00,5.00,5.00
836,1.00,1.00,5.00,2.00,1.00
837,0.00,4.00,4.00,2.00,3.00
838,0.00,4.00,5.00,3.00,5.00
839,1.00,1.00,4.00,4.00,1.00
840,0.00,5.00,5.00,2.00,5.00
841,1.00,3.00,5.00,5.00,3.00
842,0.00,1.00,1.00,1.00,2.00
843,1.00,4.00,5.00,4.00,3.00
844,1.00,2.00,5.00,4.00,3.00
845,0.00,2.00,4.00,3.00,3.00
846,0.00,3.00,5.00,1.00,2.00
847,0.00,3.00,4.00,5.00,5.00
848,0.00,1.00,3.00,3.00,4.00
849,0.00,1.00,1.00,1.00,3.00
850,1.00,1.00,4.00,5.00,5.00
851,0.00,5.00,5.00,2.00,5.00
852,0.00,1.00,3.00,2.00,4.00
853,0.00,1.00,5.00,1.00,2.00
854,0.00,4.00,4.00,1.00,3.00
855,1.00,1.00,5.00,5.00,1.00
856,1.00,1.00,3.00,5.00,5.00
857,0.00,2.00,4.00,2.00,5.00
858,0.00,1.00,3.00,5.00,5.00
859,0.00,2.00,4.00,2.00,2.00
860,0.00,1.00,2.00,1.00,4.00
861,0.00,2.00,2.00,5.00,5.00
862,0.00,2.00,3.00,1.00,3.00
863,1.00,3.00,5.00,4.00,1.00
864,1.00,2.00,4.00,3.00,1.00
865,0.00,2.00,5.00,2.00,5.00
866,1.00,1.00,2.00,3.00,1.00
867,0.00,3.00,3.00,1.00,4.00
868,0.00,2.00,4.00,3.00,4.00
869,0.00,1.00,2.00,3.00,5.00
870,0.00,1.00,3.00,4.00,5.00
871,1.00,2.00,3.00,4.00,1.00
872,0.00,1.00,4.00,1.00,1.00
873,0.00,1.00,2.00,3.00,5.00
874,0.00,1.00,2.00,1.00,2.00
875,0.00,1.00,5.00,3.00,4.00
876,0.00,2.00,5.00,1.00,1.00
877,0.00,1.00,2.00,2.00,3.00
878,0.00,2.00,3.00,2.00,4.00
879,0.00,1.00,4.00,1.00,5.00
880,1.00,3.00,4.00,4.00,1.00
881,1.00,2.00,3.00,2.00,1.00
882,1.00,1.00,2.00,4.00,1.00
883,0.00,4.00,4.00,2.00,3.00
884,1.00,1.00,2.00,5.00,4.00
885,1.00,2.00,4.00,4.00,2.00
886,0.00,1.00,4.00,3.00,4.00
887,1.00,2.00,4.00,5.00,2.00
888,0.00,5.00,5.00,2.00,4.00
889,0.00,4.00,5.00,1.00,2.00
890,1.00,1.00,2.00,5.00,3.00
891,1.00,2.00,5.00,4.00,2.00
892,0.00,2.00,5.00,3.00,5.00
893,1.00,1.00,3.00,5.00,3.00
894,1.00,3.00,4.00,3.00,1.00
895,0.00,4.00,4.00,2.00,4.00
896,0.00,5.00,5.00,2.00,4.00
897,1.00,2.00,4.00,3.00,2.00
898,0.00,2.00,5.00,2.00,3.00
899,0.00,1.00,4.00,1.00,5.00
900,0.00,3.00,4.00,2.00,2.00
901,1.00,1.00,4.00,5.00,3.00
902,0.00,1.00,5.00,1.00,4.00
903,1.00,1.00,2.00,3.00,3.00
904,1.00,2.00,5.00,4.00,2.00
905,0.00,1.00,5.00,3.00,4.00
906,0.00,4.00,5.00,2.00,5.00
907,0.00,1.00,5.00,1.00,4.00
908,0.00,4.00,5.00,2.00,4.00
909,1.00,3.00,5.00,5.00,4.00
910,0.00,1.00,4.00,5.00,5.00
911,1.00,4.00,5.00,4.00,3.00
912,1.00,1.00,3.00,3.00,1.00
913,0.00,4.00,5.00,3.00,5.00
914,0.00,1.00,1.00,1.00,2.00
915,1.00,2.00,4.00,4.00,2.00
916,1.00,1.00,4.00,5.00,3.00
917,1.00,3.00,5.00,3.00,3.00
918,0.00,3.00,5.00,5.00,5.00
919,1.00,1.00,2.00,5.00,2.00
920,0.00,2.00,3.00,2.00,3.00
921,0.00,3.00,3.00,1.00,5.00
922,1.00,3.00,5.00,5.00,4.00
923,1.00,2.00,4.00,2.00,2.00
924,0.00,2.00,3.00,2.00,4.00
925,1.00,2.00,3.00,3.00,1.00
926,1.00,3.00,5.00,5.00,4.00
927,0.00,2.00,3.00,1.00,3.00
928,1.00,2.00,5.00,1.00,1.00
929,1.00,2.00,3.00,5.00,2.00
930,1.00,2.00,4.00,5.00,2.00
931,1.00,1.00,3.00,4.00,3.00
932,0.00,4.00,5.00,2.00,5.00
933,0.00,2.00,3.00,3.00,4.00
934,0.00,2.00,5.00,2.00,5.00
935,1.00,3.00,4.00,2.00,1.00
936,0.00,1.00,5.00,2.00,5.00
937,0.00,4.00,4.00,3.00,4.00
938,1.00,4.00,4.00,2.00,2.00
939,1.00,3.00,4.00,5.00,1.00
940,0.00,3.00,3.00,1.00,5.00
941,0.00,1.00,2.00,5.00,4.00
942,1.00,1.00,3.00,5.00,3.00
943,0.00,2.00,4.00,2.00,2.00
944,0.00,4.00,4.00,3.00,4.00
945,0.00,2.00,2.00,1.00,5.00
946,0.00,4.00,4.00,1.00,5.00
947,0.00,2.00,4.00,1.00,3.00
948,1.00,3.00,4.00,2.00,2.00
949,0.00,1.00,3.00,1.00,5.00
950,1.00,2.00,3.00,2.00,3.00
951,0.00,1.00,3.00,1.00,5.00
952,0.00,4.00,4.00,1.00,5.00
953,0.00,1.00,5.00,3.00,4.00
954,0.00,1.00,5.00,2.00,5.00
955,0.00,1.00,3.00,1.00,5.00
956,1.00,3.00,4.00,5.00,1.00
957,1.00,1.00,1.00,4.00,4.00
958,0.00,1.00,1.00,2.00,2.00
959,1.00,3.00,5.00,2.00,2.00
960,0.00,1.00,1.00,1.00,3.00
961,1.00,1.00,1.00,2.00,2.00
962,1.00,1.00,2.00,5.00,4.00
963,0.00,4.00,5.00,1.00,2.00
964,0.00,3.00,4.00,1.00,5.00
965,1.00,2.00,3.00,5.00,1.00
966,0.00,2.00,5.00,2.00,5.00
967,1.00,3.00,4.00,3.00,1.00
968,1.00,2.00,4.00,4.00,4.00
969,1.00,3.00,4.00,3.00,1.00
970,0.00,3.00,4.00,1.00,5.00
971,0.00,4.00,5.00,1.00,2.00
972,0.00,3.00,4.00,1.00,5.00
973,1.00,2.00,4.00,4.00,4.00
974,1.00,1.00,4.00,4.00,2.00
975,1.00,1.00,4.00,4.00,2.00